crop_id,image_id,label,org,scene_context,reviewer,updated_at,town,stage2_raw,stage2_full,stage2_source,band,stage1_prob,stage1_route,validation_role,selection_status,legacy_row,in_sensitivity_088,n_crops_at_site,site_id
5x2ltszsE0zKkMMh_ufUIg_300_box0.jpg,5x2ltszsE0zKkMMh_ufUIg_300,,,,,,BELFAST CITY,0.6246547102928162,0.6176344265577858,v3_downloads_2025,abstain_high,0.0011416983325034,pass,cascade_primary_abstain_high,downloads_2025_transfer_audit,,,3.0,5x2ltszsE0zKkMMh_ufUIg
78eMq2NcA95ku78GOuF-2g_240_box4.jpg,78eMq2NcA95ku78GOuF-2g_240,,,,,,METROPOLITAN CASTLEREAGH,0.5312274694442749,0.5294028098395345,v3_downloads_2025,abstain_high,0.6319383978843689,pass,cascade_primary_abstain_high,downloads_2025_transfer_audit,,,11.0,78eMq2NcA95ku78GOuF-2g
7qjsuFcu-KtKJOfp_mF08w_300_box6.jpg,7qjsuFcu-KtKJOfp_mF08w_300,,,,,,METROPOLITAN NEWTOWNABBEY,0.7673863172531128,0.7546745327632818,v3_downloads_2025,abstain_high,0.005512663628906,pass,cascade_primary_abstain_high,downloads_2025_transfer_audit,,,22.0,7qjsuFcu-KtKJOfp_mF08w
8sqDnvlk_G3GGxZUR4djTg_240_box2.jpg,8sqDnvlk_G3GGxZUR4djTg_240,,,,,,METROPOLITAN CASTLEREAGH,0.7611698508262634,0.7486103585242483,v3_downloads_2025,abstain_high,0.1492827534675598,pass,cascade_primary_abstain_high,downloads_2025_transfer_audit,,,5.0,8sqDnvlk_G3GGxZUR4djTg
BT_WDz-xACzegzR_UW59ug_060_box3.jpg,BT_WDz-xACzegzR_UW59ug_060,,,,,,BELFAST CITY,0.5470445156097412,0.5443039858060609,v3_downloads_2025,abstain_high,0.0012845754390582,pass,cascade_primary_abstain_high,downloads_2025_transfer_audit,,,23.0,BT_WDz-xACzegzR_UW59ug
BvpqOSs5YHAjjyOlaaDyTQ_180_box4.jpg,BvpqOSs5YHAjjyOlaaDyTQ_180,,,,,,BELFAST CITY,0.7779027819633484,0.7649602026302919,v3_downloads_2025,abstain_high,0.0024472570512443,pass,cascade_primary_abstain_high,downloads_2025_transfer_audit,,,9.0,BvpqOSs5YHAjjyOlaaDyTQ
C13X4nhI10wSg_kEgzZr8Q_300_box1.jpg,C13X4nhI10wSg_kEgzZr8Q_300,,,,,,BELFAST CITY,0.6179202795028687,0.6112509413307969,v3_downloads_2025,abstain_high,0.0047445963136851,pass,cascade_primary_abstain_high,downloads_2025_transfer_audit,,,15.0,C13X4nhI10wSg_kEgzZr8Q
Gtw_hfs4BudPXbFGzOqlHA_120_box0.jpg,Gtw_hfs4BudPXbFGzOqlHA_120,,,,,,BELFAST CITY,0.7050510048866272,0.6943266238996346,v3_downloads_2025,abstain_high,0.0792595669627189,pass,cascade_primary_abstain_high,downloads_2025_transfer_audit,,,15.0,Gtw_hfs4BudPXbFGzOqlHA
LGmn6NqMrLxG4ODvoizLhA_240_box2.jpg,LGmn6NqMrLxG4ODvoizLhA_240,,,,,,BELFAST CITY,0.5947592854499817,0.5893317182353375,v3_downloads_2025,abstain_high,0.6982828974723816,pass,cascade_primary_abstain_high,downloads_2025_transfer_audit,,,24.0,LGmn6NqMrLxG4ODvoizLhA
OAKXbpCucuqGAIlSooJdvQ_180_box1.jpg,OAKXbpCucuqGAIlSooJdvQ_180,,,,,,METROPOLITAN CASTLEREAGH,0.6138660311698914,0.6074103025055756,v3_downloads_2025,abstain_high,0.001289561507292,pass,cascade_primary_abstain_high,downloads_2025_transfer_audit,,,2.0,OAKXbpCucuqGAIlSooJdvQ
PbhCvmIZpa0bHwEA2kEpIQ_240_box4.jpg,PbhCvmIZpa0bHwEA2kEpIQ_240,,,,,,BELFAST CITY,0.7602951526641846,0.7477580008022044,v3_downloads_2025,abstain_high,0.0969809293746948,pass,cascade_primary_abstain_high,downloads_2025_transfer_audit,,,13.0,PbhCvmIZpa0bHwEA2kEpIQ
PswN1bZ_t7cYTvZUyvz7zw_240_box3.jpg,PswN1bZ_t7cYTvZUyvz7zw_240,,,,,,BELFAST CITY,0.521838366985321,0.5205607689591027,v3_downloads_2025,abstain_high,0.0117530934512615,pass,cascade_primary_abstain_high,downloads_2025_transfer_audit,,,11.0,PswN1bZ_t7cYTvZUyvz7zw
Qk1eC1DOaD-hkDz0sIAC-w_060_box0.jpg,Qk1eC1DOaD-hkDz0sIAC-w_060,,,,,,METROPOLITAN NEWTOWNABBEY,0.6872206926345825,0.6772261558674411,v3_downloads_2025,abstain_high,0.001279957126826,pass,cascade_primary_abstain_high,downloads_2025_transfer_audit,,,1.0,Qk1eC1DOaD-hkDz0sIAC-w
Rbgm1RYnnwlDVfyuzUoSaA_240_box0.jpg,Rbgm1RYnnwlDVfyuzUoSaA_240,,,,,,BELFAST CITY,0.4624591171741485,0.4646503454529725,v3_downloads_2025,abstain_high,0.001269505941309,pass,cascade_primary_abstain_high,downloads_2025_transfer_audit,,,2.0,Rbgm1RYnnwlDVfyuzUoSaA
Rq29SVyGkXBpJw9m2h_3Cw_180_box0.jpg,Rq29SVyGkXBpJw9m2h_3Cw_180,,,,,,BELFAST CITY,0.6469289064407349,0.6387859210557111,v3_downloads_2025,abstain_high,0.0023760928306728,pass,cascade_primary_abstain_high,downloads_2025_transfer_audit,,,4.0,Rq29SVyGkXBpJw9m2h_3Cw
U0tH-I2Zw74TuUBrs0FRhA_120_box2.jpg,U0tH-I2Zw74TuUBrs0FRhA_120,,,,,,BELFAST CITY,0.6468708515167236,0.6387307099649273,v3_downloads_2025,abstain_high,0.001159872743301,pass,cascade_primary_abstain_high,downloads_2025_transfer_audit,,,3.0,U0tH-I2Zw74TuUBrs0FRhA
X442hgXC2X7PBPpKw1wEIQ_300_box2.jpg,X442hgXC2X7PBPpKw1wEIQ_300,,,,,,BELFAST CITY,0.6198199391365051,0.6130511065687437,v3_downloads_2025,abstain_high,0.0042128390632569,pass,cascade_primary_abstain_high,downloads_2025_transfer_audit,,,12.0,X442hgXC2X7PBPpKw1wEIQ
XilwFYHYwKK0sVbAQ4TbKw_000_box0.jpg,XilwFYHYwKK0sVbAQ4TbKw_000,,,,,,METROPOLITAN CASTLEREAGH,0.4757397770881653,0.4771586726237751,v3_downloads_2025,abstain_high,0.0064242822118103,pass,cascade_primary_abstain_high,downloads_2025_transfer_audit,,,2.0,XilwFYHYwKK0sVbAQ4TbKw
YyCRvbY_-RGv0xxWSDjfzg_240_box0.jpg,YyCRvbY_-RGv0xxWSDjfzg_240,,,,,,BELFAST CITY,0.5554152131080627,0.5521938761650661,v3_downloads_2025,abstain_high,0.0032417883630841,pass,cascade_primary_abstain_high,downloads_2025_transfer_audit,,,1.0,YyCRvbY_-RGv0xxWSDjfzg
_8Qq4MP-nHbxoSQio81oMw_000_box0.jpg,_8Qq4MP-nHbxoSQio81oMw_000,,,,,,METROPOLITAN NEWTOWNABBEY,0.7785685062408447,0.7656124940509588,v3_downloads_2025,abstain_high,0.0018798268865793,pass,cascade_primary_abstain_high,downloads_2025_transfer_audit,,,4.0,_8Qq4MP-nHbxoSQio81oMw
aN1YbMa5SFsxkLFlYaQlbA_120_box0.jpg,aN1YbMa5SFsxkLFlYaQlbA_120,,,,,,METROPOLITAN NEWTOWNABBEY,0.4644863903522491,0.4665600411822054,v3_downloads_2025,abstain_high,0.0011353603331372,pass,cascade_primary_abstain_high,downloads_2025_transfer_audit,,,4.0,aN1YbMa5SFsxkLFlYaQlbA
fik0rVbD-yTL-6yCMbaioA_060_box0.jpg,fik0rVbD-yTL-6yCMbaioA_060,,,,,,METROPOLITAN NEWTOWNABBEY,0.4645038843154907,0.4665765199768887,v3_downloads_2025,abstain_high,0.0045452057383954,pass,cascade_primary_abstain_high,downloads_2025_transfer_audit,,,13.0,fik0rVbD-yTL-6yCMbaioA
hee_2EFBJyyDRLUPBD6WJQ_180_box1.jpg,hee_2EFBJyyDRLUPBD6WJQ_180,,,,,,BELFAST CITY,0.6408421993255615,0.6329998188121699,v3_downloads_2025,abstain_high,0.0015488155186176,pass,cascade_primary_abstain_high,downloads_2025_transfer_audit,,,14.0,hee_2EFBJyyDRLUPBD6WJQ
iyeJUwWP9JDMKV3vSdWjKQ_300_box2.jpg,iyeJUwWP9JDMKV3vSdWjKQ_300,,,,,,BELFAST CITY,0.4963571727275848,0.4965705282472415,v3_downloads_2025,abstain_high,0.0040855542756617,pass,cascade_primary_abstain_high,downloads_2025_transfer_audit,,,11.0,iyeJUwWP9JDMKV3vSdWjKQ
j0dB3W2Meag6wT5ws21LhQ_300_box0.jpg,j0dB3W2Meag6wT5ws21LhQ_300,,,,,,METROPOLITAN NEWTOWNABBEY,0.7152153849601746,0.7041035448512788,v3_downloads_2025,abstain_high,0.0012674629688262,pass,cascade_primary_abstain_high,downloads_2025_transfer_audit,,,1.0,j0dB3W2Meag6wT5ws21LhQ
kDGIr_4l-olajn7USAobbA_120_box0.jpg,kDGIr_4l-olajn7USAobbA_120,,,,,,METROPOLITAN NEWTOWNABBEY,0.4644662141799927,0.4665410358145508,v3_downloads_2025,abstain_high,0.0047833151184022,pass,cascade_primary_abstain_high,downloads_2025_transfer_audit,,,8.0,kDGIr_4l-olajn7USAobbA
kRV5xWUO78RS58tsQuhSYQ_300_box0.jpg,kRV5xWUO78RS58tsQuhSYQ_300,,,,,,BELFAST CITY,0.5283415913581848,0.5266848605314922,v3_downloads_2025,abstain_high,0.0011772054713219,pass,cascade_primary_abstain_high,downloads_2025_transfer_audit,,,2.0,kRV5xWUO78RS58tsQuhSYQ
lDcvhA8ZYY6oHXG_e0GGGw_000_box0.jpg,lDcvhA8ZYY6oHXG_e0GGGw_000,,,,,,BELFAST CITY,0.7168816328048706,0.7057083877791314,v3_downloads_2025,abstain_high,0.0012193146394565,pass,cascade_primary_abstain_high,downloads_2025_transfer_audit,,,4.0,lDcvhA8ZYY6oHXG_e0GGGw
m6XbbSPROREFltncwOHfGQ_240_box0.jpg,m6XbbSPROREFltncwOHfGQ_240,,,,,,BELFAST CITY,0.4989761412143707,0.4990361090397661,v3_downloads_2025,abstain_high,0.0020005507394671,pass,cascade_primary_abstain_high,downloads_2025_transfer_audit,,,17.0,m6XbbSPROREFltncwOHfGQ
nh0bKEVbFD3SHFpszXpFIg_000_box0.jpg,nh0bKEVbFD3SHFpszXpFIg_000,,,,,,METROPOLITAN LISBURN,0.7413383722305298,0.7293377784911498,v3_downloads_2025,abstain_high,0.2013446539640426,pass,cascade_primary_abstain_high,downloads_2025_transfer_audit,,,1.0,nh0bKEVbFD3SHFpszXpFIg
o2z-VwEYsBHcoXLXA_fjSA_060_box1.jpg,o2z-VwEYsBHcoXLXA_fjSA_060,,,,,,BELFAST CITY,0.5053945183753967,0.5050785808412035,v3_downloads_2025,abstain_high,0.5201826691627502,pass,cascade_primary_abstain_high,downloads_2025_transfer_audit,,,3.0,o2z-VwEYsBHcoXLXA_fjSA
o9Ltd65z8c1sPwUwkDOWbg_300_box0.jpg,o9Ltd65z8c1sPwUwkDOWbg_300,,,,,,BELFAST CITY,0.7304986119270325,0.7188470815698061,v3_downloads_2025,abstain_high,0.1726041436195373,pass,cascade_primary_abstain_high,downloads_2025_transfer_audit,,,7.0,o9Ltd65z8c1sPwUwkDOWbg
ohYNBIWSQ5d0EuiKCD_fIA_180_box0.jpg,ohYNBIWSQ5d0EuiKCD_fIA_180,,,,,,BELFAST CITY,0.7109587788581848,0.7000065383699697,v3_downloads_2025,abstain_high,0.1620097607374191,pass,cascade_primary_abstain_high,downloads_2025_transfer_audit,,,2.0,ohYNBIWSQ5d0EuiKCD_fIA
r2SyftksKaLLH9s6t1s-xw_120_box0.jpg,r2SyftksKaLLH9s6t1s-xw_120,,,,,,BELFAST CITY,0.7093504667282104,0.6984595358894028,v3_downloads_2025,abstain_high,0.5405675172805786,pass,cascade_primary_abstain_high,downloads_2025_transfer_audit,,,3.0,r2SyftksKaLLH9s6t1s-xw
uzNf-wcQIqpK6If8bM--pQ_060_box1.jpg,uzNf-wcQIqpK6If8bM--pQ_060,,,,,,METROPOLITAN LISBURN,0.636457622051239,0.628834759952787,v3_downloads_2025,abstain_high,0.001279835239984,pass,cascade_primary_abstain_high,downloads_2025_transfer_audit,,,3.0,uzNf-wcQIqpK6If8bM--pQ
vEIJkBcYNiH2rOTtxSNTrg_000_box0.jpg,vEIJkBcYNiH2rOTtxSNTrg_000,,,,,,BELFAST CITY,0.5170372724533081,0.5160400960049027,v3_downloads_2025,abstain_high,0.0011586844921112,pass,cascade_primary_abstain_high,downloads_2025_transfer_audit,,,4.0,vEIJkBcYNiH2rOTtxSNTrg
vOMKElFdQZbcGEOk5l8XGA_300_box0.jpg,vOMKElFdQZbcGEOk5l8XGA_300,,,,,,BELFAST CITY,0.6499528884887695,0.6416624090222943,v3_downloads_2025,abstain_high,0.0011898193042725,pass,cascade_primary_abstain_high,downloads_2025_transfer_audit,,,8.0,vOMKElFdQZbcGEOk5l8XGA
vbhp-M_0IyIS1TLUaT-1FQ_300_box9.jpg,vbhp-M_0IyIS1TLUaT-1FQ_300,,,,,,BELFAST CITY,0.6984707117080688,0.6880085107143206,v3_downloads_2025,abstain_high,0.0308655705302953,pass,cascade_primary_abstain_high,downloads_2025_transfer_audit,,,18.0,vbhp-M_0IyIS1TLUaT-1FQ
xyWR1xGAPuMLroJTDduF_g_060_box6.jpg,xyWR1xGAPuMLroJTDduF_g_060,,,,,,BELFAST CITY,0.7504495978355408,0.7381788925249921,v3_downloads_2025,abstain_high,0.0231440756469964,pass,cascade_primary_abstain_high,downloads_2025_transfer_audit,,,15.0,xyWR1xGAPuMLroJTDduF_g
z4Xa6NqEcQve2-0RYMtLUQ_000_box1.jpg,z4Xa6NqEcQve2-0RYMtLUQ_000,,,,,,BELFAST CITY,0.5063769817352295,0.5060035153838993,v3_downloads_2025,abstain_high,0.0011696506990119,pass,cascade_primary_abstain_high,downloads_2025_transfer_audit,,,13.0,z4Xa6NqEcQve2-0RYMtLUQ
3G5cSveKoYBpAZI3NwR_pQ_000_box1.jpg,3G5cSveKoYBpAZI3NwR_pQ_000,,,,,,METROPOLITAN CASTLEREAGH,0.1610489785671234,0.1745415102094399,v3_downloads_2025,abstain_low,0.0055049234069883,pass,cascade_primary_abstain_low,downloads_2025_transfer_audit,,,6.0,3G5cSveKoYBpAZI3NwR_pQ
3fvUjRdr8-LK12eYmYQzPA_300_box0.jpg,3fvUjRdr8-LK12eYmYQzPA_300,,,,,,BELFAST CITY,0.3206812739372253,0.3303334843632493,v3_downloads_2025,abstain_low,0.006605795584619,pass,cascade_primary_abstain_low,downloads_2025_transfer_audit,,,1.0,3fvUjRdr8-LK12eYmYQzPA
3uFs815874s3F5M57QI7hw_180_box8.jpg,3uFs815874s3F5M57QI7hw_180,,,,,,BELFAST CITY,0.4048625230789184,0.4103107592014216,v3_downloads_2025,abstain_low,0.0056722182780504,pass,cascade_primary_abstain_low,downloads_2025_transfer_audit,,,25.0,3uFs815874s3F5M57QI7hw
6D9zgOv8xYLtvKmveAneeg_300_box0.jpg,6D9zgOv8xYLtvKmveAneeg_300,,,,,,METROPOLITAN NEWTOWNABBEY,0.1856241673231125,0.1990743440839637,v3_downloads_2025,abstain_low,0.3725201189517975,pass,cascade_primary_abstain_low,downloads_2025_transfer_audit,,,7.0,6D9zgOv8xYLtvKmveAneeg
6SlCxYwzCz4mFJzmW90pug_180_box13.jpg,6SlCxYwzCz4mFJzmW90pug_180,,,,,,METROPOLITAN NEWTOWNABBEY,0.2113828361034393,0.2245238097596157,v3_downloads_2025,abstain_low,0.4874910414218902,pass,cascade_primary_abstain_low,downloads_2025_transfer_audit,,,25.0,6SlCxYwzCz4mFJzmW90pug
7x6Fx9ISdTNpe8UTRgDmBg_240_box5.jpg,7x6Fx9ISdTNpe8UTRgDmBg_240,,,,,,BELFAST CITY,0.1821270138025283,0.1955992615057683,v3_downloads_2025,abstain_low,0.0737956464290618,pass,cascade_primary_abstain_low,downloads_2025_transfer_audit,,,21.0,7x6Fx9ISdTNpe8UTRgDmBg
8G5U8H9-N4h9Q-I5RSx4vw_120_box0.jpg,8G5U8H9-N4h9Q-I5RSx4vw_120,,,,,,BELFAST CITY,0.2329764366149902,0.2456796508660081,v3_downloads_2025,abstain_low,0.0017428045393899,pass,cascade_primary_abstain_low,downloads_2025_transfer_audit,,,3.0,8G5U8H9-N4h9Q-I5RSx4vw
9tkQgdELprIcFAnIMya_nQ_060_box0.jpg,9tkQgdELprIcFAnIMya_nQ_060,,,,,,METROPOLITAN LISBURN,0.2000647038221359,0.2133721127770459,v3_downloads_2025,abstain_low,0.0011494556674733,pass,cascade_primary_abstain_low,downloads_2025_transfer_audit,,,1.0,9tkQgdELprIcFAnIMya_nQ
9x_ygef4vRqqcovmIVjCuQ_120_box0.jpg,9x_ygef4vRqqcovmIVjCuQ_120,,,,,,BELFAST CITY,0.2919111549854278,0.302753611636275,v3_downloads_2025,abstain_low,0.001211323775351,pass,cascade_primary_abstain_low,downloads_2025_transfer_audit,,,9.0,9x_ygef4vRqqcovmIVjCuQ
Ada7GZHu9CLCKyzfvTYmEg_240_box2.jpg,Ada7GZHu9CLCKyzfvTYmEg_240,,,,,,METROPOLITAN NEWTOWNABBEY,0.2194512337446212,0.2324463516901706,v3_downloads_2025,abstain_low,0.0796851143240928,pass,cascade_primary_abstain_low,downloads_2025_transfer_audit,,,11.0,Ada7GZHu9CLCKyzfvTYmEg
BBxH4hs5kbwwfN-HQL_-xg_180_box0.jpg,BBxH4hs5kbwwfN-HQL_-xg_180,,,,,,METROPOLITAN NEWTOWNABBEY,0.2335161417722702,0.2462065318075714,v3_downloads_2025,abstain_low,0.0032474962063133,pass,cascade_primary_abstain_low,downloads_2025_transfer_audit,,,2.0,BBxH4hs5kbwwfN-HQL_-xg
BzHSJAZ5SQwTdUfmAzkPBA_000_box1.jpg,BzHSJAZ5SQwTdUfmAzkPBA_000,,,,,,BELFAST CITY,0.2493549138307571,0.261631171605801,v3_downloads_2025,abstain_low,0.6468756198883057,pass,cascade_primary_abstain_low,downloads_2025_transfer_audit,,,41.0,BzHSJAZ5SQwTdUfmAzkPBA
Gw-x6BxUK1EAm65202RDbQ_240_box0.jpg,Gw-x6BxUK1EAm65202RDbQ_240,,,,,,BELFAST CITY,0.4026148617267608,0.4081856874306326,v3_downloads_2025,abstain_low,0.0011750353733077,pass,cascade_primary_abstain_low,downloads_2025_transfer_audit,,,4.0,Gw-x6BxUK1EAm65202RDbQ
O7LJy1dwI_3bgOtLJp-u5g_240_box0.jpg,O7LJy1dwI_3bgOtLJp-u5g_240,,,,,,METROPOLITAN LISBURN,0.1630722433328628,0.176571664909921,v3_downloads_2025,abstain_low,0.0011455990606918,pass,cascade_primary_abstain_low,downloads_2025_transfer_audit,,,1.0,O7LJy1dwI_3bgOtLJp-u5g
OCBNiGBb8Zap34e67VSEfA_000_box0.jpg,OCBNiGBb8Zap34e67VSEfA_000,,,,,,BELFAST CITY,0.170245349407196,0.183753659725879,v3_downloads_2025,abstain_low,0.0011500600958243,pass,cascade_primary_abstain_low,downloads_2025_transfer_audit,,,3.0,OCBNiGBb8Zap34e67VSEfA
PSsgvQjNwKajFuVw9P_m9Q_240_box4.jpg,PSsgvQjNwKajFuVw9P_m9Q_240,,,,,,BELFAST CITY,0.2163926213979721,0.2294456052814527,v3_downloads_2025,abstain_low,0.0035631083883345,pass,cascade_primary_abstain_low,downloads_2025_transfer_audit,,,7.0,PSsgvQjNwKajFuVw9P_m9Q
RcIJTWk9sYc2P5t6iOwopA_060_box0.jpg,RcIJTWk9sYc2P5t6iOwopA_060,,,,,,BELFAST CITY,0.3095406293869018,0.3196722308785632,v3_downloads_2025,abstain_low,0.0011868480360135,pass,cascade_primary_abstain_low,downloads_2025_transfer_audit,,,3.0,RcIJTWk9sYc2P5t6iOwopA
VEXWXLG4tCSTalrxOMkW4g_060_box1.jpg,VEXWXLG4tCSTalrxOMkW4g_060,,,,,,BELFAST CITY,0.1641600281000137,0.1776623453581813,v3_downloads_2025,abstain_low,0.0012932675890624,pass,cascade_primary_abstain_low,downloads_2025_transfer_audit,,,3.0,VEXWXLG4tCSTalrxOMkW4g
VNiXx-8q7sw5hinBxh0HMA_180_box3.jpg,VNiXx-8q7sw5hinBxh0HMA_180,,,,,,BELFAST CITY,0.2242941558361053,0.2371913939929855,v3_downloads_2025,abstain_low,0.0212196260690689,pass,cascade_primary_abstain_low,downloads_2025_transfer_audit,,,27.0,VNiXx-8q7sw5hinBxh0HMA
W0AiJA0Sy2bhKhyuqyVRGw_240_box0.jpg,W0AiJA0Sy2bhKhyuqyVRGw_240,,,,,,BELFAST CITY,0.1896004676818847,0.2030194896657214,v3_downloads_2025,abstain_low,0.0011988900369033,pass,cascade_primary_abstain_low,downloads_2025_transfer_audit,,,3.0,W0AiJA0Sy2bhKhyuqyVRGw
X_FJXY75NblUVU13xnPh2g_180_box2.jpg,X_FJXY75NblUVU13xnPh2g_180,,,,,,BELFAST CITY,0.3139955103397369,0.3239380820035745,v3_downloads_2025,abstain_low,0.0011933770729228,pass,cascade_primary_abstain_low,downloads_2025_transfer_audit,,,26.0,X_FJXY75NblUVU13xnPh2g
Yl38AvgPVFbaNzp3ym0R1w_240_box3.jpg,Yl38AvgPVFbaNzp3ym0R1w_240,,,,,,BELFAST CITY,0.1735462844371795,0.1870507765301842,v3_downloads_2025,abstain_low,0.6106056571006775,pass,cascade_primary_abstain_low,downloads_2025_transfer_audit,,,9.0,Yl38AvgPVFbaNzp3ym0R1w
ZWhTmzfsbu2Cg48nTtu09g_300_box17.jpg,ZWhTmzfsbu2Cg48nTtu09g_300,,,,,,METROPOLITAN NEWTOWNABBEY,0.1593102365732193,0.1727952660189236,v3_downloads_2025,abstain_low,0.0039342730306088,pass,cascade_primary_abstain_low,downloads_2025_transfer_audit,,,20.0,ZWhTmzfsbu2Cg48nTtu09g
_HWg57un2SpwiyrSOArySw_180_box0.jpg,_HWg57un2SpwiyrSOArySw_180,,,,,,BELFAST CITY,0.2523379027843475,0.2645283095007663,v3_downloads_2025,abstain_low,0.6967315673828125,pass,cascade_primary_abstain_low,downloads_2025_transfer_audit,,,6.0,_HWg57un2SpwiyrSOArySw
_jkx-Z5yvZcgxY7uCg0mNg_300_box0.jpg,_jkx-Z5yvZcgxY7uCg0mNg_300,,,,,,BELFAST CITY,0.2349388301372528,0.2475949961336072,v3_downloads_2025,abstain_low,0.0012152021517977,pass,cascade_primary_abstain_low,downloads_2025_transfer_audit,,,6.0,_jkx-Z5yvZcgxY7uCg0mNg
bOnZIB0ENkkeiXrWf5TZlQ_180_box0.jpg,bOnZIB0ENkkeiXrWf5TZlQ_180,,,,,,BELFAST CITY,0.4142337739467621,0.4191664420257961,v3_downloads_2025,abstain_low,0.0012160174082964,pass,cascade_primary_abstain_low,downloads_2025_transfer_audit,,,2.0,bOnZIB0ENkkeiXrWf5TZlQ
cxm50TToZCqzjK-A0RKNHw_120_box3.jpg,cxm50TToZCqzjK-A0RKNHw_120,,,,,,BELFAST CITY,0.3552629053592682,0.3632982093767247,v3_downloads_2025,abstain_low,0.5892453789710999,pass,cascade_primary_abstain_low,downloads_2025_transfer_audit,,,7.0,cxm50TToZCqzjK-A0RKNHw
e8lVo4XqFu-DAyM90QAt2A_000_box0.jpg,e8lVo4XqFu-DAyM90QAt2A_000,,,,,,BELFAST CITY,0.3239350616931915,0.3334431583034837,v3_downloads_2025,abstain_low,0.3918679058551788,pass,cascade_primary_abstain_low,downloads_2025_transfer_audit,,,6.0,e8lVo4XqFu-DAyM90QAt2A
faorMSzjcJlMClTD2tYydQ_060_box0.jpg,faorMSzjcJlMClTD2tYydQ_060,,,,,,METROPOLITAN LISBURN,0.3018313944339752,0.3122813523092711,v3_downloads_2025,abstain_low,0.0011534221703186,pass,cascade_primary_abstain_low,downloads_2025_transfer_audit,,,1.0,faorMSzjcJlMClTD2tYydQ
mT02NgQ-1OdMMbbk3_1YOg_000_box4.jpg,mT02NgQ-1OdMMbbk3_1YOg_000,,,,,,METROPOLITAN NEWTOWNABBEY,0.3516013324260711,0.3598161616874307,v3_downloads_2025,abstain_low,0.0013683621073141,pass,cascade_primary_abstain_low,downloads_2025_transfer_audit,,,10.0,mT02NgQ-1OdMMbbk3_1YOg
nUkztJMdJJ6hPg_Nhhgkgg_060_box10.jpg,nUkztJMdJJ6hPg_Nhhgkgg_060,,,,,,BELFAST CITY,0.2907144725322723,0.301602916404876,v3_downloads_2025,abstain_low,0.0011683602351695,pass,cascade_primary_abstain_low,downloads_2025_transfer_audit,,,15.0,nUkztJMdJJ6hPg_Nhhgkgg
pUVcufPTZm_WxO_ZkexWAA_180_box0.jpg,pUVcufPTZm_WxO_ZkexWAA_180,,,,,,BELFAST CITY,0.2450930923223495,0.2574877896499131,v3_downloads_2025,abstain_low,0.4809844195842743,pass,cascade_primary_abstain_low,downloads_2025_transfer_audit,,,1.0,pUVcufPTZm_WxO_ZkexWAA
sWQDiGO4qznCY5t-bKp_xQ_240_box4.jpg,sWQDiGO4qznCY5t-bKp_xQ_240,,,,,,BELFAST CITY,0.2642447650432586,0.2760692160651029,v3_downloads_2025,abstain_low,0.4429011344909668,pass,cascade_primary_abstain_low,downloads_2025_transfer_audit,,,13.0,sWQDiGO4qznCY5t-bKp_xQ
t91P6JAZ_zhRoe6yWGFSvQ_120_box4.jpg,t91P6JAZ_zhRoe6yWGFSvQ_120,,,,,,BELFAST CITY,0.2089633196592331,0.222143701407494,v3_downloads_2025,abstain_low,0.0018687511328607,pass,cascade_primary_abstain_low,downloads_2025_transfer_audit,,,21.0,t91P6JAZ_zhRoe6yWGFSvQ
uAd15Y5oxt2bWdN7qjXb4Q_240_box1.jpg,uAd15Y5oxt2bWdN7qjXb4Q_240,,,,,,METROPOLITAN NEWTOWNABBEY,0.2239023745059967,0.2368078115758783,v3_downloads_2025,abstain_low,0.0022161083761602,pass,cascade_primary_abstain_low,downloads_2025_transfer_audit,,,13.0,uAd15Y5oxt2bWdN7qjXb4Q
vbnF0iOPi5QZ8Xs4Wclx7w_240_box0.jpg,vbnF0iOPi5QZ8Xs4Wclx7w_240,,,,,,BELFAST CITY,0.2783535420894623,0.2896989816453201,v3_downloads_2025,abstain_low,0.0013975504552945,pass,cascade_primary_abstain_low,downloads_2025_transfer_audit,,,2.0,vbnF0iOPi5QZ8Xs4Wclx7w
w8rqRO3X_1FU32bMjb9X6g_180_box1.jpg,w8rqRO3X_1FU32bMjb9X6g_180,,,,,,BELFAST CITY,0.248508870601654,0.2608090384062261,v3_downloads_2025,abstain_low,0.2022245377302169,pass,cascade_primary_abstain_low,downloads_2025_transfer_audit,,,7.0,w8rqRO3X_1FU32bMjb9X6g
x7A75pyyVcyeza7AQACAgQ_300_box2.jpg,x7A75pyyVcyeza7AQACAgQ_300,,,,,,METROPOLITAN LISBURN,0.1759696453809738,0.1894682549038052,v3_downloads_2025,abstain_low,0.0035023100208491,pass,cascade_primary_abstain_low,downloads_2025_transfer_audit,,,18.0,x7A75pyyVcyeza7AQACAgQ
xKhnId6c7vGUDng3B3IB1A_000_box1.jpg,xKhnId6c7vGUDng3B3IB1A_000,,,,,,BELFAST CITY,0.4156306982040405,0.4204859285994263,v3_downloads_2025,abstain_low,0.0013393653789535,pass,cascade_primary_abstain_low,downloads_2025_transfer_audit,,,2.0,xKhnId6c7vGUDng3B3IB1A
xljMOxbX5i5bewIz_bCStQ_060_box0.jpg,xljMOxbX5i5bewIz_bCStQ_060,,,,,,METROPOLITAN NEWTOWNABBEY,0.3373701870441437,0.3462648257905958,v3_downloads_2025,abstain_low,0.0011891520116478,pass,cascade_primary_abstain_low,downloads_2025_transfer_audit,,,6.0,xljMOxbX5i5bewIz_bCStQ
-3_g3cGpLliOSBn-zsQ7WA_000_box1.jpg,-3_g3cGpLliOSBn-zsQ7WA_000,,,,,,METROPOLITAN NEWTOWNABBEY,0.1425352543592453,0.1558689406707414,v3_downloads_2025,negative,0.6686647534370422,pass,cascade_primary_negative,downloads_2025_transfer_audit,,,13.0,-3_g3cGpLliOSBn-zsQ7WA
-riFxBuh_LiXe0OxyYwFXg_300_box0.jpg,-riFxBuh_LiXe0OxyYwFXg_300,,,,,,BELFAST CITY,0.1407769471406936,0.1540860546418621,v3_downloads_2025,negative,0.001237912219949,pass,cascade_primary_negative,downloads_2025_transfer_audit,,,1.0,-riFxBuh_LiXe0OxyYwFXg
2w6Zl8xuiiJeUdxY849VyQ_060_box1.jpg,2w6Zl8xuiiJeUdxY849VyQ_060,,,,,,BELFAST CITY,0.1534165740013122,0.166865043605061,v3_downloads_2025,negative,0.0199946835637092,pass,cascade_primary_negative,downloads_2025_transfer_audit,,,6.0,2w6Zl8xuiiJeUdxY849VyQ
5niSsOEM55hpiYXi6-mv9w_000_box0.jpg,5niSsOEM55hpiYXi6-mv9w_000,,,,,,METROPOLITAN NEWTOWNABBEY,0.1387644410133361,0.1520432782769255,v3_downloads_2025,negative,0.0011632849927991,pass,cascade_primary_negative,downloads_2025_transfer_audit,,,1.0,5niSsOEM55hpiYXi6-mv9w
7IthwX_HsAxCkYYH0e6uzw_180_box1.jpg,7IthwX_HsAxCkYYH0e6uzw_180,,,,,,BELFAST CITY,0.1444888859987259,0.1578478685776074,v3_downloads_2025,negative,0.0069047240540385,pass,cascade_primary_negative,downloads_2025_transfer_audit,,,6.0,7IthwX_HsAxCkYYH0e6uzw
8n0XFXVTic-ajgDmJhdudQ_060_box0.jpg,8n0XFXVTic-ajgDmJhdudQ_060,,,,,,BELFAST CITY,0.1335540860891342,0.1467436965717142,v3_downloads_2025,negative,0.0011940980330109,pass,cascade_primary_negative,downloads_2025_transfer_audit,,,2.0,8n0XFXVTic-ajgDmJhdudQ
9Y0sGhYUqZ5Fx-5vFtpv5w_300_box0.jpg,9Y0sGhYUqZ5Fx-5vFtpv5w_300,,,,,,BELFAST CITY,0.138961836695671,0.1522437448942452,v3_downloads_2025,negative,0.6175848245620728,pass,cascade_primary_negative,downloads_2025_transfer_audit,,,12.0,9Y0sGhYUqZ5Fx-5vFtpv5w
AJiqFJoLNtTs_isf5YoIXw_060_box0.jpg,AJiqFJoLNtTs_isf5YoIXw_060,,,,,,BELFAST CITY,0.1394484490156173,0.1527378325792905,v3_downloads_2025,negative,0.4591803252696991,pass,cascade_primary_negative,downloads_2025_transfer_audit,,,6.0,AJiqFJoLNtTs_isf5YoIXw
ETT0YDD2Ruqcw8EQ5JblXg_240_box0.jpg,ETT0YDD2Ruqcw8EQ5JblXg_240,,,,,,METROPOLITAN LISBURN,0.1370631456375122,0.150314587751239,v3_downloads_2025,negative,0.6174182891845703,pass,cascade_primary_negative,downloads_2025_transfer_audit,,,1.0,ETT0YDD2Ruqcw8EQ5JblXg
EtN21kzUDwjId39dxoAfxw_180_box0.jpg,EtN21kzUDwjId39dxoAfxw_180,,,,,,METROPOLITAN CASTLEREAGH,0.1551107913255691,0.1685715565538423,v3_downloads_2025,negative,0.5567649006843567,pass,cascade_primary_negative,downloads_2025_transfer_audit,,,14.0,EtN21kzUDwjId39dxoAfxw
GCgmMASyIfjCzE9r6UzVjA_180_box0.jpg,GCgmMASyIfjCzE9r6UzVjA_180,,,,,,BELFAST CITY,0.1289233714342117,0.14202010835241,v3_downloads_2025,negative,0.1121875867247581,pass,cascade_primary_negative,downloads_2025_transfer_audit,,,1.0,GCgmMASyIfjCzE9r6UzVjA
JGN8vpEQEbESTAjIonXaEg_180_box0.jpg,JGN8vpEQEbESTAjIonXaEg_180,,,,,,BELFAST CITY,0.1524210423231125,0.1658616033505212,v3_downloads_2025,negative,0.3090145885944366,pass,cascade_primary_negative,downloads_2025_transfer_audit,,,15.0,JGN8vpEQEbESTAjIonXaEg
KRbYCFutV0GOgX_nOx6UdA_000_box0.jpg,KRbYCFutV0GOgX_nOx6UdA_000,,,,,,BELFAST CITY,0.1565233170986175,0.1699932245340823,v3_downloads_2025,negative,0.001234863186255,pass,cascade_primary_negative,downloads_2025_transfer_audit,,,4.0,KRbYCFutV0GOgX_nOx6UdA
M7_3bkDtFx07cbYpnAKC-A_240_box1.jpg,M7_3bkDtFx07cbYpnAKC-A_240,,,,,,METROPOLITAN CASTLEREAGH,0.1272493451833725,0.140309264110458,v3_downloads_2025,negative,0.0071971295401453,pass,cascade_primary_negative,downloads_2025_transfer_audit,,,2.0,M7_3bkDtFx07cbYpnAKC-A
MFbHTHGeAgkCjrcXAhWnNw_060_box3.jpg,MFbHTHGeAgkCjrcXAhWnNw_060,,,,,,METROPOLITAN NEWTOWNABBEY,0.1334853768348693,0.1466737039803742,v3_downloads_2025,negative,0.3089962601661682,pass,cascade_primary_negative,downloads_2025_transfer_audit,,,20.0,MFbHTHGeAgkCjrcXAhWnNw
OAbVUyuv3ikLBT4U3ilpWw_180_box6.jpg,OAbVUyuv3ikLBT4U3ilpWw_180,,,,,,BELFAST CITY,0.1572996228933334,0.1707741293896469,v3_downloads_2025,negative,0.1324706822633743,pass,cascade_primary_negative,downloads_2025_transfer_audit,,,12.0,OAbVUyuv3ikLBT4U3ilpWw
OzK_sGlE0bGFkUzp0W7gHg_060_box4.jpg,OzK_sGlE0bGFkUzp0W7gHg_060,,,,,,BELFAST CITY,0.1384550034999847,0.1517289818912874,v3_downloads_2025,negative,0.6650623083114624,pass,cascade_primary_negative,downloads_2025_transfer_audit,,,23.0,OzK_sGlE0bGFkUzp0W7gHg
QD2PhHXQB4VyffJ_HDJCsw_060_box1.jpg,QD2PhHXQB4VyffJ_HDJCsw_060,,,,,,BELFAST CITY,0.1466389000415802,0.1600233093778391,v3_downloads_2025,negative,0.0063770776614546,pass,cascade_primary_negative,downloads_2025_transfer_audit,,,2.0,QD2PhHXQB4VyffJ_HDJCsw
QZiIY9k7cCSuWIrWurAZgw_300_box0.jpg,QZiIY9k7cCSuWIrWurAZgw_300,,,,,,METROPOLITAN NEWTOWNABBEY,0.1525204330682754,0.1659618065468821,v3_downloads_2025,negative,0.001193139120005,pass,cascade_primary_negative,downloads_2025_transfer_audit,,,8.0,QZiIY9k7cCSuWIrWurAZgw
RVXqSEeGpPn6Np9LVYj86A_240_box0.jpg,RVXqSEeGpPn6Np9LVYj86A_240,,,,,,METROPOLITAN CASTLEREAGH,0.1508395969867706,0.1642665434581866,v3_downloads_2025,negative,0.0015100289601832,pass,cascade_primary_negative,downloads_2025_transfer_audit,,,4.0,RVXqSEeGpPn6Np9LVYj86A
TN687gxbwdTyRcK7SKtt8w_180_box1.jpg,TN687gxbwdTyRcK7SKtt8w_180,,,,,,BELFAST CITY,0.148669347167015,0.1620754844555742,v3_downloads_2025,negative,0.0095831947401165,pass,cascade_primary_negative,downloads_2025_transfer_audit,,,4.0,TN687gxbwdTyRcK7SKtt8w
UNu0NU4Ts104AzDnEZG20A_180_box0.jpg,UNu0NU4Ts104AzDnEZG20A_180,,,,,,BELFAST CITY,0.1388215720653534,0.1521013004219322,v3_downloads_2025,negative,0.0014658072032034,pass,cascade_primary_negative,downloads_2025_transfer_audit,,,2.0,UNu0NU4Ts104AzDnEZG20A
YpFc6sXB82Q8RIXCRc8h_A_120_box8.jpg,YpFc6sXB82Q8RIXCRc8h_A_120,,,,,,METROPOLITAN NEWTOWNABBEY,0.148328959941864,0.1617316080672918,v3_downloads_2025,negative,0.0206266622990369,pass,cascade_primary_negative,downloads_2025_transfer_audit,,,24.0,YpFc6sXB82Q8RIXCRc8h_A
cVjG-tUqO9ceL8MsqjHLkw_240_box0.jpg,cVjG-tUqO9ceL8MsqjHLkw_240,,,,,,BELFAST CITY,0.1288870871067047,0.1419830444990446,v3_downloads_2025,negative,0.5257901549339294,pass,cascade_primary_negative,downloads_2025_transfer_audit,,,2.0,cVjG-tUqO9ceL8MsqjHLkw
e2Kr3g4Ve2OqjlwrGLZvNA_180_box2.jpg,e2Kr3g4Ve2OqjlwrGLZvNA_180,,,,,,BELFAST CITY,0.1377094686031341,0.1509715146131643,v3_downloads_2025,negative,0.040656242519617,pass,cascade_primary_negative,downloads_2025_transfer_audit,,,7.0,e2Kr3g4Ve2OqjlwrGLZvNA
edHfV9TSXG2jiZeVWSXO7Q_180_box0.jpg,edHfV9TSXG2jiZeVWSXO7Q_180,,,,,,BELFAST CITY,0.1338210552930832,0.1470156254574702,v3_downloads_2025,negative,0.1064853966236114,pass,cascade_primary_negative,downloads_2025_transfer_audit,,,13.0,edHfV9TSXG2jiZeVWSXO7Q
i6eJhOuhq4Rm-wAkcY2V7A_120_box0.jpg,i6eJhOuhq4Rm-wAkcY2V7A_120,,,,,,METROPOLITAN NEWTOWNABBEY,0.1570618450641632,0.1705349747993536,v3_downloads_2025,negative,0.4460086226463318,pass,cascade_primary_negative,downloads_2025_transfer_audit,,,5.0,i6eJhOuhq4Rm-wAkcY2V7A
ifTeETb5BU7nrqCGjb9zzg_300_box5.jpg,ifTeETb5BU7nrqCGjb9zzg_300,,,,,,BELFAST CITY,0.1441305577754974,0.1574850579060467,v3_downloads_2025,negative,0.5730125904083252,pass,cascade_primary_negative,downloads_2025_transfer_audit,,,12.0,ifTeETb5BU7nrqCGjb9zzg
jdm2TWw-hvek6IaNF5SY7A_000_box4.jpg,jdm2TWw-hvek6IaNF5SY7A_000,,,,,,BELFAST CITY,0.1425777524709701,0.1559120115016161,v3_downloads_2025,negative,0.0025399948935955,pass,cascade_primary_negative,downloads_2025_transfer_audit,,,6.0,jdm2TWw-hvek6IaNF5SY7A
lGH2ssemrOruSmMmDdvGHA_300_box1.jpg,lGH2ssemrOruSmMmDdvGHA_300,,,,,,BELFAST CITY,0.1418596655130386,0.1551841124103372,v3_downloads_2025,negative,0.0910895839333534,pass,cascade_primary_negative,downloads_2025_transfer_audit,,,4.0,lGH2ssemrOruSmMmDdvGHA
lgkzK0s4Js9gDZO77or0qA_060_box0.jpg,lgkzK0s4Js9gDZO77or0qA_060,,,,,,METROPOLITAN LISBURN,0.1433086693286895,0.1566526217871215,v3_downloads_2025,negative,0.0355386435985565,pass,cascade_primary_negative,downloads_2025_transfer_audit,,,13.0,lgkzK0s4Js9gDZO77or0qA
mU9YOkwgChBnBC4U5Za5ug_180_box0.jpg,mU9YOkwgChBnBC4U5Za5ug_180,,,,,,METROPOLITAN NEWTOWNABBEY,0.1571715623140335,0.1706453308199501,v3_downloads_2025,negative,0.0012164014624431,pass,cascade_primary_negative,downloads_2025_transfer_audit,,,44.0,mU9YOkwgChBnBC4U5Za5ug
nE6wuTlykErba6ONQ1z6NQ_180_box0.jpg,nE6wuTlykErba6ONQ1z6NQ_180,,,,,,METROPOLITAN LISBURN,0.1358954161405563,0.1491270848720835,v3_downloads_2025,negative,0.0011573915835469,pass,cascade_primary_negative,downloads_2025_transfer_audit,,,1.0,nE6wuTlykErba6ONQ1z6NQ
nH0hJNFHthvW9mw_Qbr-Tg_060_box5.jpg,nH0hJNFHthvW9mw_Qbr-Tg_060,,,,,,BELFAST CITY,0.1491362899541854,0.1625471138182265,v3_downloads_2025,negative,0.0012394943041726,pass,cascade_primary_negative,downloads_2025_transfer_audit,,,25.0,nH0hJNFHthvW9mw_Qbr-Tg
slHT9uDb46PbjIhxJXVEUA_300_box0.jpg,slHT9uDb46PbjIhxJXVEUA_300,,,,,,METROPOLITAN CASTLEREAGH,0.1495742201805114,0.1629893347921161,v3_downloads_2025,negative,0.0011499900138005,pass,cascade_primary_negative,downloads_2025_transfer_audit,,,1.0,slHT9uDb46PbjIhxJXVEUA
u3yvxSx-JoiVaOS4K8RKhw_300_box0.jpg,u3yvxSx-JoiVaOS4K8RKhw_300,,,,,,METROPOLITAN CASTLEREAGH,0.1438962966203689,0.1572478282325856,v3_downloads_2025,negative,0.0117209153249859,pass,cascade_primary_negative,downloads_2025_transfer_audit,,,4.0,u3yvxSx-JoiVaOS4K8RKhw
uC1UCTv5aUaeA32nggTKJg_240_box0.jpg,uC1UCTv5aUaeA32nggTKJg_240,,,,,,METROPOLITAN CASTLEREAGH,0.1417317539453506,0.1550544228606553,v3_downloads_2025,negative,0.0011606193147599,pass,cascade_primary_negative,downloads_2025_transfer_audit,,,2.0,uC1UCTv5aUaeA32nggTKJg
vL-qfYOUt8PU-cme7zb4kg_240_box0.jpg,vL-qfYOUt8PU-cme7zb4kg_240,,,,,,BELFAST CITY,0.1326245367527008,0.1457965460059532,v3_downloads_2025,negative,0.0011378342751413,pass,cascade_primary_negative,downloads_2025_transfer_audit,,,10.0,vL-qfYOUt8PU-cme7zb4kg
wp7HqUC6bIouK7UStnvDIQ_240_box1.jpg,wp7HqUC6bIouK7UStnvDIQ_240,,,,,,BELFAST CITY,0.1524282395839691,0.1658688596149485,v3_downloads_2025,negative,0.0011478996602818,pass,cascade_primary_negative,downloads_2025_transfer_audit,,,4.0,wp7HqUC6bIouK7UStnvDIQ
zXMbxFh5g3OcQ9rP5vYlVA_060_box1.jpg,zXMbxFh5g3OcQ9rP5vYlVA_060,,,,,,BELFAST CITY,0.1441390216350555,0.1574936284543721,v3_downloads_2025,negative,0.5682805776596069,pass,cascade_primary_negative,downloads_2025_transfer_audit,,,2.0,zXMbxFh5g3OcQ9rP5vYlVA
48tCjUU_1tXTSwnDSQ0WcA_060_box0.jpg,48tCjUU_1tXTSwnDSQ0WcA_060,,,,,,BELFAST CITY,0.8056895732879639,0.7923155756398358,v3_downloads_2025,positive,0.0023147703614085,pass,cascade_primary_positive,downloads_2025_transfer_audit,,,2.0,48tCjUU_1tXTSwnDSQ0WcA
4NreIxBMvSB1_Pu85cvUUw_120_box0.jpg,4NreIxBMvSB1_Pu85cvUUw_120,,,,,,METROPOLITAN CASTLEREAGH,0.8117690682411194,0.7983385975900393,v3_downloads_2025,positive,0.0088564464822411,pass,cascade_primary_positive,downloads_2025_transfer_audit,,,2.0,4NreIxBMvSB1_Pu85cvUUw
6gcLi5kLTjj5SBRKFAFTpg_060_box1.jpg,6gcLi5kLTjj5SBRKFAFTpg_060,,,,,,METROPOLITAN CASTLEREAGH,0.8675413727760315,0.8543725595618004,v3_downloads_2025,positive,0.0011566134635359,pass,cascade_primary_positive,downloads_2025_transfer_audit,,,8.0,6gcLi5kLTjj5SBRKFAFTpg
7X1lbnbMihylDRUVZbedkw_120_box0.jpg,7X1lbnbMihylDRUVZbedkw_120,,,,,,BELFAST CITY,0.8147943019866943,0.8013412189289745,v3_downloads_2025,positive,0.0011516348458826,pass,cascade_primary_positive,downloads_2025_transfer_audit,,,5.0,7X1lbnbMihylDRUVZbedkw
80_68dSn3C_AF9T6eePzkQ_060_box0.jpg,80_68dSn3C_AF9T6eePzkQ_060,,,,,,METROPOLITAN CASTLEREAGH,0.8531381487846375,0.8397512458153029,v3_downloads_2025,positive,0.6350440979003906,pass,cascade_primary_positive,downloads_2025_transfer_audit,,,7.0,80_68dSn3C_AF9T6eePzkQ
BFywHIgtyGxmClwQUTCMUQ_300_box0.jpg,BFywHIgtyGxmClwQUTCMUQ_300,,,,,,BELFAST CITY,0.888675332069397,0.8760574572029567,v3_downloads_2025,positive,0.0011465630959719,pass,cascade_primary_positive,downloads_2025_transfer_audit,,,2.0,BFywHIgtyGxmClwQUTCMUQ
Gdd-SZRSb3JBLIY8QDZR5Q_240_box2.jpg,Gdd-SZRSb3JBLIY8QDZR5Q_240,,,,,,BELFAST CITY,0.8013031482696533,0.7879787791430722,v3_downloads_2025,positive,0.0213874727487564,pass,cascade_primary_positive,downloads_2025_transfer_audit,,,18.0,Gdd-SZRSb3JBLIY8QDZR5Q
Gz494pieDgKB4AOpgVajPA_240_box1.jpg,Gz494pieDgKB4AOpgVajPA_240,,,,,,METROPOLITAN NEWTOWNABBEY,0.8831332325935364,0.870341997871254,v3_downloads_2025,positive,0.0208962373435497,pass,cascade_primary_positive,downloads_2025_transfer_audit,,,6.0,Gz494pieDgKB4AOpgVajPA
Ij8Hoy9qWtaja4hJEg6tSQ_120_box0.jpg,Ij8Hoy9qWtaja4hJEg6tSQ_120,,,,,,METROPOLITAN NEWTOWNABBEY,0.8547784686088562,0.8414105395575063,v3_downloads_2025,positive,0.0012392193311825,pass,cascade_primary_positive,downloads_2025_transfer_audit,,,11.0,Ij8Hoy9qWtaja4hJEg6tSQ
JWMaM98g0eO7RAcGFUGCgQ_180_box0.jpg,JWMaM98g0eO7RAcGFUGCgQ_180,,,,,,BELFAST CITY,0.8227837085723877,0.8092891247353299,v3_downloads_2025,positive,0.0011429280275478,pass,cascade_primary_positive,downloads_2025_transfer_audit,,,6.0,JWMaM98g0eO7RAcGFUGCgQ
K1s8miwRZhnUsxTBu1pXmw_000_box0.jpg,K1s8miwRZhnUsxTBu1pXmw_000,,,,,,BELFAST CITY,0.8675509095191956,0.8543822805216444,v3_downloads_2025,positive,0.0011651758104562,pass,cascade_primary_positive,downloads_2025_transfer_audit,,,2.0,K1s8miwRZhnUsxTBu1pXmw
MKTlosmZ4J2q7pCsv900ug_240_box2.jpg,MKTlosmZ4J2q7pCsv900ug_240,,,,,,METROPOLITAN CASTLEREAGH,0.8518170118331909,0.8384158788520762,v3_downloads_2025,positive,0.0012248347047716,pass,cascade_primary_positive,downloads_2025_transfer_audit,,,5.0,MKTlosmZ4J2q7pCsv900ug
O1hsZHLbHRR3KUwuU343Ww_300_box0.jpg,O1hsZHLbHRR3KUwuU343Ww_300,,,,,,BELFAST CITY,0.8539828658103943,0.8406055521819169,v3_downloads_2025,positive,0.0011580699356272,pass,cascade_primary_positive,downloads_2025_transfer_audit,,,1.0,O1hsZHLbHRR3KUwuU343Ww
O9otOdQkidaHwWVVVKDBfw_240_box1.jpg,O9otOdQkidaHwWVVVKDBfw_240,,,,,,METROPOLITAN NEWTOWNABBEY,0.8590980768203735,0.8457871651295513,v3_downloads_2025,positive,0.0880505368113517,pass,cascade_primary_positive,downloads_2025_transfer_audit,,,5.0,O9otOdQkidaHwWVVVKDBfw
TAe3SQVdZLz8zteVeRb3mA_060_box0.jpg,TAe3SQVdZLz8zteVeRb3mA_060,,,,,,BELFAST CITY,0.8923457860946655,0.8798548921735067,v3_downloads_2025,positive,0.0079899560660123,pass,cascade_primary_positive,downloads_2025_transfer_audit,,,7.0,TAe3SQVdZLz8zteVeRb3mA
VCa_y5WPiq7gyjZJ9hV48g_060_box0.jpg,VCa_y5WPiq7gyjZJ9hV48g_060,,,,,,METROPOLITAN NEWTOWNABBEY,0.8952242136001587,0.8828399451557538,v3_downloads_2025,positive,0.0011515575461089,pass,cascade_primary_positive,downloads_2025_transfer_audit,,,3.0,VCa_y5WPiq7gyjZJ9hV48g
VazZiwZZzUn5RJSfu12T0A_300_box1.jpg,VazZiwZZzUn5RJSfu12T0A_300,,,,,,METROPOLITAN NEWTOWNABBEY,0.805932343006134,0.7925558133118416,v3_downloads_2025,positive,0.1728786081075668,pass,cascade_primary_positive,downloads_2025_transfer_audit,,,14.0,VazZiwZZzUn5RJSfu12T0A
XMt3LMyWD_MDU_fvaByLzg_180_box0.jpg,XMt3LMyWD_MDU_fvaByLzg_180,,,,,,METROPOLITAN NEWTOWNABBEY,0.8935096263885498,0.8810610871825871,v3_downloads_2025,positive,0.0011606386397033,pass,cascade_primary_positive,downloads_2025_transfer_audit,,,12.0,XMt3LMyWD_MDU_fvaByLzg
ZW5EN448mIOjJPCcWLjAfQ_300_box0.jpg,ZW5EN448mIOjJPCcWLjAfQ_300,,,,,,METROPOLITAN NEWTOWNABBEY,0.8874908685684204,0.8748341137316048,v3_downloads_2025,positive,0.0012194599257782,pass,cascade_primary_positive,downloads_2025_transfer_audit,,,5.0,ZW5EN448mIOjJPCcWLjAfQ
ZzGz7QUyutdfpmN6PgYo0Q_300_box0.jpg,ZzGz7QUyutdfpmN6PgYo0Q_300,,,,,,METROPOLITAN NEWTOWNABBEY,0.8711537718772888,0.8580586932688016,v3_downloads_2025,positive,0.0011877166107296,pass,cascade_primary_positive,downloads_2025_transfer_audit,,,3.0,ZzGz7QUyutdfpmN6PgYo0Q
aK5vWV2ObdO5H8SV_8Wtkg_120_box0.jpg,aK5vWV2ObdO5H8SV_8Wtkg_120,,,,,,BELFAST CITY,0.8798349499702454,0.866950641064382,v3_downloads_2025,positive,0.1354997754096985,pass,cascade_primary_positive,downloads_2025_transfer_audit,,,7.0,aK5vWV2ObdO5H8SV_8Wtkg
aYKaUEOz4gkGSRY7oZXGoQ_060_box0.jpg,aYKaUEOz4gkGSRY7oZXGoQ_060,,,,,,METROPOLITAN CASTLEREAGH,0.8440820574760437,0.8306159454350344,v3_downloads_2025,positive,0.00181988440454,pass,cascade_primary_positive,downloads_2025_transfer_audit,,,1.0,aYKaUEOz4gkGSRY7oZXGoQ
bMCMx2o1vJm5ekWcqBvGOw_120_box0.jpg,bMCMx2o1vJm5ekWcqBvGOw_120,,,,,,BELFAST CITY,0.8119746446609497,0.7985425202838526,v3_downloads_2025,positive,0.0012203534133732,pass,cascade_primary_positive,downloads_2025_transfer_audit,,,3.0,bMCMx2o1vJm5ekWcqBvGOw
dmV5mReUJQRvAibdEAXPsw_300_box1.jpg,dmV5mReUJQRvAibdEAXPsw_300,,,,,,METROPOLITAN NEWTOWNABBEY,0.8892775177955627,0.8766797982364211,v3_downloads_2025,positive,0.0011533952783793,pass,cascade_primary_positive,downloads_2025_transfer_audit,,,3.0,dmV5mReUJQRvAibdEAXPsw
emYb36M1p-Yl2DmzmrmRJw_120_box0.jpg,emYb36M1p-Yl2DmzmrmRJw_120,,,,,,BELFAST CITY,0.8679649829864502,0.8548044052925363,v3_downloads_2025,positive,0.006396762561053,pass,cascade_primary_positive,downloads_2025_transfer_audit,,,4.0,emYb36M1p-Yl2DmzmrmRJw
hipU-kUMG2MbokYW9Kx1OQ_300_box0.jpg,hipU-kUMG2MbokYW9Kx1OQ_300,,,,,,BELFAST CITY,0.8163642287254333,0.802900883051211,v3_downloads_2025,positive,0.0902056619524955,pass,cascade_primary_positive,downloads_2025_transfer_audit,,,4.0,hipU-kUMG2MbokYW9Kx1OQ
kbzOD8_EMNN0oIisdIcgZA_000_box1.jpg,kbzOD8_EMNN0oIisdIcgZA_000,,,,,,METROPOLITAN NEWTOWNABBEY,0.8609710335731506,0.8476880860934156,v3_downloads_2025,positive,0.0637715458869934,pass,cascade_primary_positive,downloads_2025_transfer_audit,,,8.0,kbzOD8_EMNN0oIisdIcgZA
khwgfqddb3rL1k_9zOfblw_000_box1.jpg,khwgfqddb3rL1k_9zOfblw_000,,,,,,BELFAST CITY,0.8961586952209473,0.8838104067940796,v3_downloads_2025,positive,0.0115528181195259,pass,cascade_primary_positive,downloads_2025_transfer_audit,,,2.0,khwgfqddb3rL1k_9zOfblw
mU6mahnEUx32SXmfNHQ1tQ_180_box0.jpg,mU6mahnEUx32SXmfNHQ1tQ_180,,,,,,METROPOLITAN NEWTOWNABBEY,0.8273705244064331,0.8138644828771205,v3_downloads_2025,positive,0.0604533664882183,pass,cascade_primary_positive,downloads_2025_transfer_audit,,,4.0,mU6mahnEUx32SXmfNHQ1tQ
mhBM6Rpl3foaGY-vSuKoZw_120_box0.jpg,mhBM6Rpl3foaGY-vSuKoZw_120,,,,,,METROPOLITAN NEWTOWNABBEY,0.8442219495773315,0.8307567407344731,v3_downloads_2025,positive,0.0011972899083048,pass,cascade_primary_positive,downloads_2025_transfer_audit,,,2.0,mhBM6Rpl3foaGY-vSuKoZw
nqQN9hHh9Ca_utD9_WQ6NA_060_box0.jpg,nqQN9hHh9Ca_utD9_WQ6NA_060,,,,,,METROPOLITAN LISBURN,0.8596776127815247,0.8463751416689793,v3_downloads_2025,positive,0.0012576136505231,pass,cascade_primary_positive,downloads_2025_transfer_audit,,,1.0,nqQN9hHh9Ca_utD9_WQ6NA
pEqnFfbHLqc3w2qY2-3K9A_060_box0.jpg,pEqnFfbHLqc3w2qY2-3K9A_060,,,,,,METROPOLITAN NEWTOWNABBEY,0.8890396952629089,0.876433984275881,v3_downloads_2025,positive,0.2634967267513275,pass,cascade_primary_positive,downloads_2025_transfer_audit,,,2.0,pEqnFfbHLqc3w2qY2-3K9A
qYg6fZMgbu5dF4ibAZ1xCg_180_box5.jpg,qYg6fZMgbu5dF4ibAZ1xCg_180,,,,,,BELFAST CITY,0.7912046313285828,0.7780215899082333,v3_downloads_2025,positive,0.0024117531720548,pass,cascade_primary_positive,downloads_2025_transfer_audit,,,19.0,qYg6fZMgbu5dF4ibAZ1xCg
tWrHf65z7hkpyxNesV2qfg_300_box1.jpg,tWrHf65z7hkpyxNesV2qfg_300,,,,,,BELFAST CITY,0.8162547945976257,0.8027921313569327,v3_downloads_2025,positive,0.0011797077022492,pass,cascade_primary_positive,downloads_2025_transfer_audit,,,16.0,tWrHf65z7hkpyxNesV2qfg
vOYrn2vVsMmJJtaFV9Vh9Q_120_box0.jpg,vOYrn2vVsMmJJtaFV9Vh9Q_120,,,,,,BELFAST CITY,0.888123095035553,0.8754869673619089,v3_downloads_2025,positive,0.0011656194692477,pass,cascade_primary_positive,downloads_2025_transfer_audit,,,10.0,vOYrn2vVsMmJJtaFV9Vh9Q
vyvARAOiTrDrkZcBT86grw_060_box0.jpg,vyvARAOiTrDrkZcBT86grw_060,,,,,,METROPOLITAN LISBURN,0.8869134783744812,0.874238135453788,v3_downloads_2025,positive,0.0011806222610175,pass,cascade_primary_positive,downloads_2025_transfer_audit,,,4.0,vyvARAOiTrDrkZcBT86grw
wlpfMB236nrut9zoKvbuhQ_180_box0.jpg,wlpfMB236nrut9zoKvbuhQ_180,,,,,,METROPOLITAN NEWTOWNABBEY,0.8972270488739014,0.8849207272203755,v3_downloads_2025,positive,0.0011449793819338,pass,cascade_primary_positive,downloads_2025_transfer_audit,,,6.0,wlpfMB236nrut9zoKvbuhQ
xtfg182jue99hnowmzA_-A_300_box0.jpg,xtfg182jue99hnowmzA_-A_300,,,,,,BELFAST CITY,0.7900802493095398,0.7769152018746467,v3_downloads_2025,positive,0.0011666095815598,pass,cascade_primary_positive,downloads_2025_transfer_audit,,,12.0,xtfg182jue99hnowmzA_-A
y26ZPIJc52u4Qvs99WnMEQ_000_box0.jpg,y26ZPIJc52u4Qvs99WnMEQ_000,,,,,,METROPOLITAN NEWTOWNABBEY,0.8231752514839172,0.8096793306729019,v3_downloads_2025,positive,0.1034577935934066,pass,cascade_primary_positive,downloads_2025_transfer_audit,,,3.0,y26ZPIJc52u4Qvs99WnMEQ
yOlHoYYerJio1UIRT1kIOg_000_box0.jpg,yOlHoYYerJio1UIRT1kIOg_000,,,,,,BELFAST CITY,0.8425048589706421,0.8290292414592462,v3_downloads_2025,positive,0.0213836021721363,pass,cascade_primary_positive,downloads_2025_transfer_audit,,,9.0,yOlHoYYerJio1UIRT1kIOg
3wTl77YMidWb-ZkFOXke4A_060_box7.jpg,3wTl77YMidWb-ZkFOXke4A_060,,,,,,METROPOLITAN CASTLEREAGH,0.8826428651809692,0.869837324567444,v3_downloads_2025,positive,0.996678352355957,stop,stage1_stop_recovery_positive,downloads_2025_transfer_audit,,,9.0,3wTl77YMidWb-ZkFOXke4A
4IMxG40C3HKZBqcJEuDg0Q_060_box0.jpg,4IMxG40C3HKZBqcJEuDg0Q_060,,,,,,BELFAST CITY,0.8034045696258545,0.7900555125518671,v3_downloads_2025,positive,0.996772825717926,stop,stage1_stop_recovery_positive,downloads_2025_transfer_audit,,,9.0,4IMxG40C3HKZBqcJEuDg0Q
6MynpMGJ7K15VyCkkfjfqA_240_box1.jpg,6MynpMGJ7K15VyCkkfjfqA_240,,,,,,BELFAST CITY,0.8249982595443726,0.8114969911672383,v3_downloads_2025,positive,0.9925827980041504,stop,stage1_stop_recovery_positive,downloads_2025_transfer_audit,,,3.0,6MynpMGJ7K15VyCkkfjfqA
B94nbdRABt0Ag8b2gtTIRQ_120_box0.jpg,B94nbdRABt0Ag8b2gtTIRQ_120,,,,,,METROPOLITAN NEWTOWNABBEY,0.8291946053504944,0.8156865980121856,v3_downloads_2025,positive,0.9964486360549928,stop,stage1_stop_recovery_positive,downloads_2025_transfer_audit,,,1.0,B94nbdRABt0Ag8b2gtTIRQ
CEH-GJgfxnuWopGwcddZiQ_120_box1.jpg,CEH-GJgfxnuWopGwcddZiQ_120,,,,,,BELFAST CITY,0.8224690556526184,0.8089755942499823,v3_downloads_2025,positive,0.9961007833480836,stop,stage1_stop_recovery_positive,downloads_2025_transfer_audit,,,11.0,CEH-GJgfxnuWopGwcddZiQ
D0lI381vMEYrJepytWUePQ_060_box0.jpg,D0lI381vMEYrJepytWUePQ_060,,,,,,METROPOLITAN NEWTOWNABBEY,0.8214096426963806,0.8079202737169374,v3_downloads_2025,positive,0.996090829372406,stop,stage1_stop_recovery_positive,downloads_2025_transfer_audit,,,3.0,D0lI381vMEYrJepytWUePQ
ED-plm2AslPpTbDrDDziyQ_120_box0.jpg,ED-plm2AslPpTbDrDDziyQ_120,,,,,,BELFAST CITY,0.7876590490341187,0.774534241336081,v3_downloads_2025,positive,0.9962032437324524,stop,stage1_stop_recovery_positive,downloads_2025_transfer_audit,,,9.0,ED-plm2AslPpTbDrDDziyQ
K4oJwPw58R3Hvg8W8VvG3A_240_box1.jpg,K4oJwPw58R3Hvg8W8VvG3A_240,,,,,,BELFAST CITY,0.7912058234214783,0.7780227631585288,v3_downloads_2025,positive,0.996767520904541,stop,stage1_stop_recovery_positive,downloads_2025_transfer_audit,,,6.0,K4oJwPw58R3Hvg8W8VvG3A
KTifzWuzQBjzAoYOpZK4gw_060_box0.jpg,KTifzWuzQBjzAoYOpZK4gw_060,,,,,,BELFAST CITY,0.7895101308822632,0.7763543758891651,v3_downloads_2025,positive,0.9966726303100586,stop,stage1_stop_recovery_positive,downloads_2025_transfer_audit,,,1.0,KTifzWuzQBjzAoYOpZK4gw
LfzSSrqbzZB55P4NkvhGjw_240_box0.jpg,LfzSSrqbzZB55P4NkvhGjw_240,,,,,,BELFAST CITY,0.8003235459327698,0.7870112521355153,v3_downloads_2025,positive,0.9967261552810668,stop,stage1_stop_recovery_positive,downloads_2025_transfer_audit,,,6.0,LfzSSrqbzZB55P4NkvhGjw
R3NDqEyVCsIflZYsTATu6w_300_box0.jpg,R3NDqEyVCsIflZYsTATu6w_300,,,,,,BELFAST CITY,0.8770043253898621,0.864045941549602,v3_downloads_2025,positive,0.9967160224914552,stop,stage1_stop_recovery_positive,downloads_2025_transfer_audit,,,1.0,R3NDqEyVCsIflZYsTATu6w
RH_nEqdB0r17azAqL7096g_300_box0.jpg,RH_nEqdB0r17azAqL7096g_300,,,,,,METROPOLITAN CASTLEREAGH,0.7931562066078186,0.7799429889569308,v3_downloads_2025,positive,0.9966860413551332,stop,stage1_stop_recovery_positive,downloads_2025_transfer_audit,,,5.0,RH_nEqdB0r17azAqL7096g
SqXwqewLp2mb88W1ZTZklg_180_box0.jpg,SqXwqewLp2mb88W1ZTZklg_180,,,,,,METROPOLITAN NEWTOWNABBEY,0.8116714358329773,0.7982417565102131,v3_downloads_2025,positive,0.9944571256637572,stop,stage1_stop_recovery_positive,downloads_2025_transfer_audit,,,4.0,SqXwqewLp2mb88W1ZTZklg
W2pIWfjSz-8hfXMuWLS6EQ_060_box0.jpg,W2pIWfjSz-8hfXMuWLS6EQ_060,,,,,,METROPOLITAN NEWTOWNABBEY,0.8946365714073181,0.882230022163356,v3_downloads_2025,positive,0.996213972568512,stop,stage1_stop_recovery_positive,downloads_2025_transfer_audit,,,3.0,W2pIWfjSz-8hfXMuWLS6EQ
WJcCpI9Mv6hGsIjIa2Qt_Q_120_box11.jpg,WJcCpI9Mv6hGsIjIa2Qt_Q_120,,,,,,METROPOLITAN CASTLEREAGH,0.8148862719535828,0.8014325597608619,v3_downloads_2025,positive,0.9964984655380248,stop,stage1_stop_recovery_positive,downloads_2025_transfer_audit,,,13.0,WJcCpI9Mv6hGsIjIa2Qt_Q
WPtDARDmTaqi4spkoiF8QQ_120_box0.jpg,WPtDARDmTaqi4spkoiF8QQ_120,,,,,,METROPOLITAN LISBURN,0.8643183708190918,0.8510904083985911,v3_downloads_2025,positive,0.992711901664734,stop,stage1_stop_recovery_positive,downloads_2025_transfer_audit,,,6.0,WPtDARDmTaqi4spkoiF8QQ
X48pdtn_FDmME5ODisqSxw_180_box1.jpg,X48pdtn_FDmME5ODisqSxw_180,,,,,,METROPOLITAN CASTLEREAGH,0.8067227602005005,0.7933381444385746,v3_downloads_2025,positive,0.99668151140213,stop,stage1_stop_recovery_positive,downloads_2025_transfer_audit,,,8.0,X48pdtn_FDmME5ODisqSxw
_Y26BNiaUhogIZwtVNU4dQ_000_box0.jpg,_Y26BNiaUhogIZwtVNU4dQ_000,,,,,,METROPOLITAN NEWTOWNABBEY,0.8161843419075012,0.8027221206311674,v3_downloads_2025,positive,0.9967265129089355,stop,stage1_stop_recovery_positive,downloads_2025_transfer_audit,,,6.0,_Y26BNiaUhogIZwtVNU4dQ
a9JtdYkCNnLZ08Lk9Ly6hg_180_box0.jpg,a9JtdYkCNnLZ08Lk9Ly6hg_180,,,,,,METROPOLITAN NEWTOWNABBEY,0.806710958480835,0.7933264616719201,v3_downloads_2025,positive,0.9963233470916748,stop,stage1_stop_recovery_positive,downloads_2025_transfer_audit,,,2.0,a9JtdYkCNnLZ08Lk9Ly6hg
aUfo4MDQjliDyNH1EtYoEQ_240_box0.jpg,aUfo4MDQjliDyNH1EtYoEQ_240,,,,,,METROPOLITAN NEWTOWNABBEY,0.7948220372200012,0.781584132163706,v3_downloads_2025,positive,0.9968482851982116,stop,stage1_stop_recovery_positive,downloads_2025_transfer_audit,,,9.0,aUfo4MDQjliDyNH1EtYoEQ
bCEz9gZQNtHSw4E-ZKi03g_120_box0.jpg,bCEz9gZQNtHSw4E-ZKi03g_120,,,,,,BELFAST CITY,0.8625949025154114,0.8493378200722094,v3_downloads_2025,positive,0.9968254566192628,stop,stage1_stop_recovery_positive,downloads_2025_transfer_audit,,,27.0,bCEz9gZQNtHSw4E-ZKi03g
dCyeaDOwTiQL8yEiVnzdiQ_060_box1.jpg,dCyeaDOwTiQL8yEiVnzdiQ_060,,,,,,METROPOLITAN NEWTOWNABBEY,0.83124178647995,0.8177333631613424,v3_downloads_2025,positive,0.996036946773529,stop,stage1_stop_recovery_positive,downloads_2025_transfer_audit,,,12.0,dCyeaDOwTiQL8yEiVnzdiQ
dUxp9MnUxBaiC-QTQ9vIJg_300_box2.jpg,dUxp9MnUxBaiC-QTQ9vIJg_300,,,,,,BELFAST CITY,0.8345046639442444,0.8209995570860922,v3_downloads_2025,positive,0.996813714504242,stop,stage1_stop_recovery_positive,downloads_2025_transfer_audit,,,16.0,dUxp9MnUxBaiC-QTQ9vIJg
evihjKP1jG5oTHZmITumaA_300_box0.jpg,evihjKP1jG5oTHZmITumaA_300,,,,,,METROPOLITAN NEWTOWNABBEY,0.8060973882675171,0.7927191501716487,v3_downloads_2025,positive,0.9967459440231324,stop,stage1_stop_recovery_positive,downloads_2025_transfer_audit,,,1.0,evihjKP1jG5oTHZmITumaA
gRciyqLPkN1S06je3oy1hg_120_box2.jpg,gRciyqLPkN1S06je3oy1hg_120,,,,,,BELFAST CITY,0.8190021514892578,0.8055238633427457,v3_downloads_2025,positive,0.9955158829689026,stop,stage1_stop_recovery_positive,downloads_2025_transfer_audit,,,6.0,gRciyqLPkN1S06je3oy1hg
geW57Or4J6e6T8pnXI-IJA_180_box1.jpg,geW57Or4J6e6T8pnXI-IJA_180,,,,,,BELFAST CITY,0.8600995540618896,0.8468033476064126,v3_downloads_2025,positive,0.996568202972412,stop,stage1_stop_recovery_positive,downloads_2025_transfer_audit,,,13.0,geW57Or4J6e6T8pnXI-IJA
hw7gkAqhoqrGsof6LVHrWQ_120_box1.jpg,hw7gkAqhoqrGsof6LVHrWQ_120,,,,,,METROPOLITAN NEWTOWNABBEY,0.8323239088058472,0.8188160394014867,v3_downloads_2025,positive,0.996729612350464,stop,stage1_stop_recovery_positive,downloads_2025_transfer_audit,,,11.0,hw7gkAqhoqrGsof6LVHrWQ
il22Hs2WFRU4m-JeoRKZSg_060_box0.jpg,il22Hs2WFRU4m-JeoRKZSg_060,,,,,,BELFAST CITY,0.8182701468467712,0.8047957135832272,v3_downloads_2025,positive,0.9918163418769836,stop,stage1_stop_recovery_positive,downloads_2025_transfer_audit,,,2.0,il22Hs2WFRU4m-JeoRKZSg
k0F9uNswQe4JIxrOwdZrvw_120_box0.jpg,k0F9uNswQe4JIxrOwdZrvw_120,,,,,,BELFAST CITY,0.809487521648407,0.7960765377381055,v3_downloads_2025,positive,0.9967932105064392,stop,stage1_stop_recovery_positive,downloads_2025_transfer_audit,,,4.0,k0F9uNswQe4JIxrOwdZrvw
lxpZ4sdVCSfl4eZ-07y8hA_060_box0.jpg,lxpZ4sdVCSfl4eZ-07y8hA_060,,,,,,BELFAST CITY,0.8062255382537842,0.7928459809242862,v3_downloads_2025,positive,0.9967058300971984,stop,stage1_stop_recovery_positive,downloads_2025_transfer_audit,,,4.0,lxpZ4sdVCSfl4eZ-07y8hA
mb1VS7kH-4-JSGrrLNI-1g_120_box1.jpg,mb1VS7kH-4-JSGrrLNI-1g_120,,,,,,METROPOLITAN NEWTOWNABBEY,0.8110640645027161,0.7976393937867721,v3_downloads_2025,positive,0.9961925745010376,stop,stage1_stop_recovery_positive,downloads_2025_transfer_audit,,,24.0,mb1VS7kH-4-JSGrrLNI-1g
nPqfpoWfbB4ySDVRZLmsmA_060_box1.jpg,nPqfpoWfbB4ySDVRZLmsmA_060,,,,,,BELFAST CITY,0.7952972650527954,0.7820524995158382,v3_downloads_2025,positive,0.996130108833313,stop,stage1_stop_recovery_positive,downloads_2025_transfer_audit,,,16.0,nPqfpoWfbB4ySDVRZLmsmA
oZ_25yyNF6TA21wxC5RP_w_300_box1.jpg,oZ_25yyNF6TA21wxC5RP_w_300,,,,,,METROPOLITAN NEWTOWNABBEY,0.813428521156311,0.7999851873272421,v3_downloads_2025,positive,0.9964380264282228,stop,stage1_stop_recovery_positive,downloads_2025_transfer_audit,,,2.0,oZ_25yyNF6TA21wxC5RP_w
o_-R5uJBYSAH2Iy8SU8MCw_120_box0.jpg,o_-R5uJBYSAH2Iy8SU8MCw_120,,,,,,BELFAST CITY,0.8158671855926514,0.8024069792884965,v3_downloads_2025,positive,0.9967687129974364,stop,stage1_stop_recovery_positive,downloads_2025_transfer_audit,,,2.0,o_-R5uJBYSAH2Iy8SU8MCw
rUQ9vM8Mp3CxJw4pQrc2mA_300_box2.jpg,rUQ9vM8Mp3CxJw4pQrc2mA_300,,,,,,METROPOLITAN NEWTOWNABBEY,0.8273758292198181,0.8138697798134474,v3_downloads_2025,positive,0.9967232346534728,stop,stage1_stop_recovery_positive,downloads_2025_transfer_audit,,,3.0,rUQ9vM8Mp3CxJw4pQrc2mA
tQ50FSIU0cjqSagZIACBHQ_060_box1.jpg,tQ50FSIU0cjqSagZIACBHQ_060,,,,,,BELFAST CITY,0.8544719815254211,0.8411003966267154,v3_downloads_2025,positive,0.996695041656494,stop,stage1_stop_recovery_positive,downloads_2025_transfer_audit,,,5.0,tQ50FSIU0cjqSagZIACBHQ
uGG-uqEBABpdc-3bU6uijA_300_box0.jpg,uGG-uqEBABpdc-3bU6uijA_300,,,,,,BELFAST CITY,0.8089202642440796,0.7955144458492711,v3_downloads_2025,positive,0.99505615234375,stop,stage1_stop_recovery_positive,downloads_2025_transfer_audit,,,9.0,uGG-uqEBABpdc-3bU6uijA
ufoija-ZFMNRO5SiMaVLsg_300_box0.jpg,ufoija-ZFMNRO5SiMaVLsg_300,,,,,,METROPOLITAN NEWTOWNABBEY,0.8316031694412231,0.8180948712537774,v3_downloads_2025,positive,0.9967896342277528,stop,stage1_stop_recovery_positive,downloads_2025_transfer_audit,,,4.0,ufoija-ZFMNRO5SiMaVLsg
xZvuyCiu_FlgfDxMjbe0kA_180_box0.jpg,xZvuyCiu_FlgfDxMjbe0kA_180,,,,,,BELFAST CITY,0.8361386060714722,0.8226370278422723,v3_downloads_2025,positive,0.9957528114318848,stop,stage1_stop_recovery_positive,downloads_2025_transfer_audit,,,3.0,xZvuyCiu_FlgfDxMjbe0kA
zzM3S8jmUl4ECTyupdh8XQ_120_box0.jpg,zzM3S8jmUl4ECTyupdh8XQ_120,,,,,,METROPOLITAN NEWTOWNABBEY,0.8579695224761963,0.8446427155203576,v3_downloads_2025,positive,0.9955487251281738,stop,stage1_stop_recovery_positive,downloads_2025_transfer_audit,,,8.0,zzM3S8jmUl4ECTyupdh8XQ
